,participantId,condition,phase,trial,estimate,questionId,label,area,distance,age,socialInfo,rentTruth,manipulationCheck,residentialExperience,gender,participantAge
0,j52x7ovk6xtp7h7,expert,1,1,20.8,16,コーポ内藤,16.1,2,22,11.2,11.1,3,2,male,22
1,j52x7ovk6xtp7h7,expert,1,2,9.1,11,ふたばハイツ,10.9,5,35,7.5,6.8,3,2,male,22
2,j52x7ovk6xtp7h7,expert,1,3,9.3,5,レジデンス三葉,10.5,6,37,7.2,7.0,3,2,male,22
3,j52x7ovk6xtp7h7,expert,1,4,15.0,9,はまなすレイクビュー,15.8,4,24,10.7,8.7,3,2,male,22
4,j52x7ovk6xtp7h7,expert,1,5,13.8,19,ファイブスター後楽園,12.5,2,23,9.4,10.1,3,2,male,22
5,j52x7ovk6xtp7h7,expert,1,6,10.1,3,ジャスミンガーデンズ東大前,18.4,4,46,9.8,8.5,3,2,male,22
6,j52x7ovk6xtp7h7,expert,1,7,21.1,14,あじさいテラス,18.5,2,4,14.3,13.8,3,2,male,22
7,j52x7ovk6xtp7h7,expert,1,8,8.9,0,ハイランド竹澤,7.3,5,18,7.5,5.9,3,2,male,22
8,j52x7ovk6xtp7h7,expert,1,9,11.0,6,さくらヒルズレジデンス,23.3,1,60,10.8,11.7,3,2,male,22
9,j52x7ovk6xtp7h7,expert,1,10,12.8,4,カーサ・ヴィラJulio,13.0,5,33,8.5,7.5,3,2,male,22
10,j52x7ovk6xtp7h7,expert,1,11,16.7,15,サンセットプレイス犬飼,15.1,5,19,10.8,12.0,3,2,male,22
11,j52x7ovk6xtp7h7,expert,1,12,21.1,21,ウッドランド中西,15.8,7,8,12.2,14.5,3,2,male,22
12,j52x7ovk6xtp7h7,expert,1,13,13.1,17,ハートフル文京,12.5,8,41,7.5,8.3,3,2,male,22
13,j52x7ovk6xtp7h7,expert,1,14,18.7,12,アーバンネット三丁目,15.9,9,7,12.2,12.4,3,2,male,22
14,j52x7ovk6xtp7h7,expert,1,15,15.3,8,グランポルテWILL,19.0,7,36,10.9,11.8,3,2,male,22
15,j52x7ovk6xtp7h7,expert,1,16,12.4,22,つばき荘,12.6,4,22,9.4,9.4,3,2,male,22
16,j52x7ovk6xtp7h7,expert,1,17,17.4,2,プリンスハイムSOLEIL,21.3,5,19,13.9,14.5,3,2,male,22
17,j52x7ovk6xtp7h7,expert,1,18,8.9,1,ソレイユ豊川,8.7,2,44,6.2,6.0,3,2,male,22
18,j52x7ovk6xtp7h7,expert,1,19,12.0,7,ライフホームVIBRANT,13.3,7,11,10.7,9.1,3,2,male,22
19,j52x7ovk6xtp7h7,expert,1,20,13.5,20,センチュリーMINERVA,14.7,8,19,10.5,10.1,3,2,male,22
20,j52x7ovk6xtp7h7,expert,1,21,11.0,23,レインボーハウスRaffine,12.3,6,52,6.7,6.9,3,2,male,22
21,j52x7ovk6xtp7h7,expert,1,22,14.8,13,グリーンリッジ本郷,13.4,5,13,10.6,9.6,3,2,male,22
22,j52x7ovk6xtp7h7,expert,1,23,11.4,10,リバーサイド黒田,13.0,4,48,7.3,11.1,3,2,male,22
23,j52x7ovk6xtp7h7,expert,1,24,12.6,18,ライフヴィラ白山,12.8,3,20,9.8,10.3,3,2,male,22
24,j52x7ovk6xtp7h7,expert,2,1,20.0,12,アーバンネット三丁目,15.9,9,7,12.2,12.4,3,2,male,22
25,j52x7ovk6xtp7h7,expert,2,2,10.6,13,グリーンリッジ本郷,13.4,5,13,10.6,9.6,3,2,male,22
26,j52x7ovk6xtp7h7,expert,2,3,12.8,21,ウッドランド中西,15.8,7,8,12.2,14.5,3,2,male,22
27,j52x7ovk6xtp7h7,expert,2,4,15.4,14,あじさいテラス,18.5,2,4,14.3,13.8,3,2,male,22
28,j52x7ovk6xtp7h7,expert,2,5,7.6,0,ハイランド竹澤,7.3,5,18,7.5,5.9,3,2,male,22
29,j52x7ovk6xtp7h7,expert,2,6,11.3,8,グランポルテWILL,19.0,7,36,10.9,11.8,3,2,male,22
30,j52x7ovk6xtp7h7,expert,2,7,11.0,3,ジャスミンガーデンズ東大前,18.4,4,46,9.8,8.5,3,2,male,22
31,j52x7ovk6xtp7h7,expert,2,8,12.8,19,ファイブスター後楽園,12.5,2,23,9.4,10.1,3,2,male,22
32,j52x7ovk6xtp7h7,expert,2,9,9.4,17,ハートフル文京,12.5,8,41,7.5,8.3,3,2,male,22
33,j52x7ovk6xtp7h7,expert,2,10,9.3,18,ライフヴィラ白山,12.8,3,20,9.8,10.3,3,2,male,22
34,j52x7ovk6xtp7h7,expert,2,11,6.5,1,ソレイユ豊川,8.7,2,44,6.2,6.0,3,2,male,22
35,j52x7ovk6xtp7h7,expert,2,12,10.2,6,さくらヒルズレジデンス,23.3,1,60,10.8,11.7,3,2,male,22
36,j52x7ovk6xtp7h7,expert,3,1,13.6,13,グリーンリッジ本郷,13.4,5,13,10.6,9.6,3,2,male,22
37,j52x7ovk6xtp7h7,expert,3,2,21.1,14,あじさいテラス,18.5,2,4,14.3,13.8,3,2,male,22
38,j52x7ovk6xtp7h7,expert,3,3,13.1,22,つばき荘,12.6,4,22,9.4,9.4,3,2,male,22
39,j52x7ovk6xtp7h7,expert,3,4,11.7,2,プリンスハイムSOLEIL,21.3,5,19,13.9,14.5,3,2,male,22
40,j52x7ovk6xtp7h7,expert,3,5,16.9,21,ウッドランド中西,15.8,7,8,12.2,14.5,3,2,male,22
41,j52x7ovk6xtp7h7,expert,3,6,15.0,12,アーバンネット三丁目,15.9,9,7,12.2,12.4,3,2,male,22
42,j52x7ovk6xtp7h7,expert,3,7,14.0,4,カーサ・ヴィラJulio,13.0,5,33,8.5,7.5,3,2,male,22
43,j52x7ovk6xtp7h7,expert,3,8,13.2,6,さくらヒルズレジデンス,23.3,1,60,10.8,11.7,3,2,male,22
44,j52x7ovk6xtp7h7,expert,3,9,13.6,3,ジャスミンガーデンズ東大前,18.4,4,46,9.8,8.5,3,2,male,22
45,j52x7ovk6xtp7h7,expert,3,10,10.9,5,レジデンス三葉,10.5,6,37,7.2,7.0,3,2,male,22
46,j52x7ovk6xtp7h7,expert,3,11,9.1,0,ハイランド竹澤,7.3,5,18,7.5,5.9,3,2,male,22
47,j52x7ovk6xtp7h7,expert,3,12,13.6,9,はまなすレイクビュー,15.8,4,24,10.7,8.7,3,2,male,22
48,j52x7ovk6xtp7h7,expert,3,13,12.3,7,ライフホームVIBRANT,13.3,7,11,10.7,9.1,3,2,male,22
49,j52x7ovk6xtp7h7,expert,3,14,15.7,8,グランポルテWILL,19.0,7,36,10.9,11.8,3,2,male,22
50,j52x7ovk6xtp7h7,expert,3,15,13.8,15,サンセットプレイス犬飼,15.1,5,19,10.8,12.0,3,2,male,22
51,j52x7ovk6xtp7h7,expert,3,16,11.5,17,ハートフル文京,12.5,8,41,7.5,8.3,3,2,male,22
52,j52x7ovk6xtp7h7,expert,3,17,13.8,19,ファイブスター後楽園,12.5,2,23,9.4,10.1,3,2,male,22
53,j52x7ovk6xtp7h7,expert,3,18,12.3,23,レインボーハウスRaffine,12.3,6,52,6.7,6.9,3,2,male,22
54,j52x7ovk6xtp7h7,expert,3,19,14.4,20,センチュリーMINERVA,14.7,8,19,10.5,10.1,3,2,male,22
55,j52x7ovk6xtp7h7,expert,3,20,14.5,18,ライフヴィラ白山,12.8,3,20,9.8,10.3,3,2,male,22
56,j52x7ovk6xtp7h7,expert,3,21,7.5,1,ソレイユ豊川,8.7,2,44,6.2,6.0,3,2,male,22
57,j52x7ovk6xtp7h7,expert,3,22,14.5,16,コーポ内藤,16.1,2,22,11.2,11.1,3,2,male,22
58,j52x7ovk6xtp7h7,expert,3,23,12.1,11,ふたばハイツ,10.9,5,35,7.5,6.8,3,2,male,22
59,j52x7ovk6xtp7h7,expert,3,24,10.7,10,リバーサイド黒田,13.0,4,48,7.3,11.1,3,2,male,22
120,cq56rxkkq87fl64,expert,1,1,8.0,4,コーポ内藤,13.0,5,33,8.5,7.5,3,2,female,23
121,cq56rxkkq87fl64,expert,1,2,12.0,2,ライフホームVIBRANT,21.3,5,19,13.9,14.5,3,2,female,23
122,cq56rxkkq87fl64,expert,1,3,12.0,7,つばき荘,13.3,7,11,10.7,9.1,3,2,female,23
123,cq56rxkkq87fl64,expert,1,4,6.0,23,アーバンネット三丁目,12.3,6,52,6.7,6.9,3,2,female,23
124,cq56rxkkq87fl64,expert,1,5,6.5,17,グリーンリッジ本郷,12.5,8,41,7.5,8.3,3,2,female,23
125,cq56rxkkq87fl64,expert,1,6,6.5,3,ソレイユ豊川,18.4,4,46,9.8,8.5,3,2,female,23
126,cq56rxkkq87fl64,expert,1,7,9.0,19,ライフヴィラ白山,12.5,2,23,9.4,10.1,3,2,female,23
127,cq56rxkkq87fl64,expert,1,8,11.0,18,ファイブスター後楽園,12.8,3,20,9.8,10.3,3,2,female,23
128,cq56rxkkq87fl64,expert,1,9,6.0,11,ハイランド竹澤,10.9,5,35,7.5,6.8,3,2,female,23
129,cq56rxkkq87fl64,expert,1,10,6.0,5,グランポルテWILL,10.5,6,37,7.2,7.0,3,2,female,23
130,cq56rxkkq87fl64,expert,1,11,7.0,8,さくらヒルズレジデンス,19.0,7,36,10.9,11.8,3,2,female,23
131,cq56rxkkq87fl64,expert,1,12,8.0,20,サンセットプレイス犬飼,14.7,8,19,10.5,10.1,3,2,female,23
132,cq56rxkkq87fl64,expert,1,13,10.0,9,あじさいテラス,15.8,4,24,10.7,8.7,3,2,female,23
133,cq56rxkkq87fl64,expert,1,14,6.0,1,ウッドランド中西,8.7,2,44,6.2,6.0,3,2,female,23
134,cq56rxkkq87fl64,expert,1,15,8.0,22,はまなすレイクビュー,12.6,4,22,9.4,9.4,3,2,female,23
135,cq56rxkkq87fl64,expert,1,16,15.0,14,レインボーハウスRaffine,18.5,2,4,14.3,13.8,3,2,female,23
136,cq56rxkkq87fl64,expert,1,17,10.0,15,ふたばハイツ,15.1,5,19,10.8,12.0,3,2,female,23
137,cq56rxkkq87fl64,expert,1,18,5.9,6,リバーサイド黒田,23.3,1,60,10.8,11.7,3,2,female,23
138,cq56rxkkq87fl64,expert,1,19,10.0,16,レジデンス三葉,16.1,2,22,11.2,11.1,3,2,female,23
139,cq56rxkkq87fl64,expert,1,20,10.0,12,センチュリーMINERVA,15.9,9,7,12.2,12.4,3,2,female,23
140,cq56rxkkq87fl64,expert,1,21,9.0,13,カーサ・ヴィラJulio,13.4,5,13,10.6,9.6,3,2,female,23
141,cq56rxkkq87fl64,expert,1,22,6.1,10,プリンスハイムSOLEIL,13.0,4,48,7.3,11.1,3,2,female,23
142,cq56rxkkq87fl64,expert,1,23,10.0,21,ジャスミンガーデンズ東大前,15.8,7,8,12.2,14.5,3,2,female,23
143,cq56rxkkq87fl64,expert,1,24,6.0,0,ハートフル文京,7.3,5,18,7.5,5.9,3,2,female,23
144,cq56rxkkq87fl64,expert,2,1,6.5,4,コーポ内藤,13.0,5,33,8.5,7.5,3,2,female,23
145,cq56rxkkq87fl64,expert,2,2,12.0,13,カーサ・ヴィラJulio,13.4,5,13,10.6,9.6,3,2,female,23
146,cq56rxkkq87fl64,expert,2,3,6.5,17,グリーンリッジ本郷,12.5,8,41,7.5,8.3,3,2,female,23
147,cq56rxkkq87fl64,expert,2,4,6.0,23,アーバンネット三丁目,12.3,6,52,6.7,6.9,3,2,female,23
148,cq56rxkkq87fl64,expert,2,5,7.0,1,ウッドランド中西,8.7,2,44,6.2,6.0,3,2,female,23
149,cq56rxkkq87fl64,expert,2,6,8.0,22,はまなすレイクビュー,12.6,4,22,9.4,9.4,3,2,female,23
150,cq56rxkkq87fl64,expert,2,7,9.0,9,あじさいテラス,15.8,4,24,10.7,8.7,3,2,female,23
151,cq56rxkkq87fl64,expert,2,8,10.0,2,ライフホームVIBRANT,21.3,5,19,13.9,14.5,3,2,female,23
152,cq56rxkkq87fl64,expert,2,9,13.0,15,ふたばハイツ,15.1,5,19,10.8,12.0,3,2,female,23
153,cq56rxkkq87fl64,expert,2,10,11.0,16,レジデンス三葉,16.1,2,22,11.2,11.1,3,2,female,23
154,cq56rxkkq87fl64,expert,2,11,10.0,20,サンセットプレイス犬飼,14.7,8,19,10.5,10.1,3,2,female,23
155,cq56rxkkq87fl64,expert,2,12,13.0,12,センチュリーMINERVA,15.9,9,7,12.2,12.4,3,2,female,23
156,cq56rxkkq87fl64,expert,3,1,13.0,2,ライフホームVIBRANT,21.3,5,19,13.9,14.5,3,2,female,23
157,cq56rxkkq87fl64,expert,3,2,9.0,9,あじさいテラス,15.8,4,24,10.7,8.7,3,2,female,23
158,cq56rxkkq87fl64,expert,3,3,13.0,21,ジャスミンガーデンズ東大前,15.8,7,8,12.2,14.5,3,2,female,23
159,cq56rxkkq87fl64,expert,3,4,7.0,23,アーバンネット三丁目,12.3,6,52,6.7,6.9,3,2,female,23
160,cq56rxkkq87fl64,expert,3,5,12.9,19,ライフヴィラ白山,12.5,2,23,9.4,10.1,3,2,female,23
161,cq56rxkkq87fl64,expert,3,6,9.0,3,ソレイユ豊川,18.4,4,46,9.8,8.5,3,2,female,23
162,cq56rxkkq87fl64,expert,3,7,7.0,11,ハイランド竹澤,10.9,5,35,7.5,6.8,3,2,female,23
163,cq56rxkkq87fl64,expert,3,8,8.1,20,サンセットプレイス犬飼,14.7,8,19,10.5,10.1,3,2,female,23
164,cq56rxkkq87fl64,expert,3,9,10.0,18,ファイブスター後楽園,12.8,3,20,9.8,10.3,3,2,female,23
165,cq56rxkkq87fl64,expert,3,10,7.0,10,プリンスハイムSOLEIL,13.0,4,48,7.3,11.1,3,2,female,23
166,cq56rxkkq87fl64,expert,3,11,9.0,7,つばき荘,13.3,7,11,10.7,9.1,3,2,female,23
167,cq56rxkkq87fl64,expert,3,12,9.5,12,センチュリーMINERVA,15.9,9,7,12.2,12.4,3,2,female,23
168,cq56rxkkq87fl64,expert,3,13,7.5,1,ウッドランド中西,8.7,2,44,6.2,6.0,3,2,female,23
169,cq56rxkkq87fl64,expert,3,14,15.0,14,レインボーハウスRaffine,18.5,2,4,14.3,13.8,3,2,female,23
170,cq56rxkkq87fl64,expert,3,15,9.0,22,はまなすレイクビュー,12.6,4,22,9.4,9.4,3,2,female,23
171,cq56rxkkq87fl64,expert,3,16,8.0,6,リバーサイド黒田,23.3,1,60,10.8,11.7,3,2,female,23
172,cq56rxkkq87fl64,expert,3,17,9.0,16,レジデンス三葉,16.1,2,22,11.2,11.1,3,2,female,23
173,cq56rxkkq87fl64,expert,3,18,7.6,8,さくらヒルズレジデンス,19.0,7,36,10.9,11.8,3,2,female,23
174,cq56rxkkq87fl64,expert,3,19,8.0,0,ハートフル文京,7.3,5,18,7.5,5.9,3,2,female,23
175,cq56rxkkq87fl64,expert,3,20,10.5,13,カーサ・ヴィラJulio,13.4,5,13,10.6,9.6,3,2,female,23
176,cq56rxkkq87fl64,expert,3,21,10.5,15,ふたばハイツ,15.1,5,19,10.8,12.0,3,2,female,23
177,cq56rxkkq87fl64,expert,3,22,7.0,5,グランポルテWILL,10.5,6,37,7.2,7.0,3,2,female,23
178,cq56rxkkq87fl64,expert,3,23,7.5,17,グリーンリッジ本郷,12.5,8,41,7.5,8.3,3,2,female,23
179,cq56rxkkq87fl64,expert,3,24,8.0,4,コーポ内藤,13.0,5,33,8.5,7.5,3,2,female,23
240,ldjyh0qtgsgkez6,expert,1,1,13.6,6,グリーンリッジ本郷,23.3,1,60,10.8,11.7,6,3,female,22
241,ldjyh0qtgsgkez6,expert,1,2,13.9,22,リバーサイド黒田,12.6,4,22,9.4,9.4,6,3,female,22
242,ldjyh0qtgsgkez6,expert,1,3,13.3,1,つばき荘,8.7,2,44,6.2,6.0,6,3,female,22
243,ldjyh0qtgsgkez6,expert,1,4,11.0,5,コーポ内藤,10.5,6,37,7.2,7.0,6,3,female,22
244,ldjyh0qtgsgkez6,expert,1,5,14.9,9,ジャスミンガーデンズ東大前,15.8,4,24,10.7,8.7,6,3,female,22
245,ldjyh0qtgsgkez6,expert,1,6,15.4,19,カーサ・ヴィラJulio,12.5,2,23,9.4,10.1,6,3,female,22
246,ldjyh0qtgsgkez6,expert,1,7,12.8,3,ハートフル文京,18.4,4,46,9.8,8.5,6,3,female,22
247,ldjyh0qtgsgkez6,expert,1,8,17.0,13,ふたばハイツ,13.4,5,13,10.6,9.6,6,3,female,22
248,ldjyh0qtgsgkez6,expert,1,9,10.6,0,ウッドランド中西,7.3,5,18,7.5,5.9,6,3,female,22
249,ldjyh0qtgsgkez6,expert,1,10,10.2,23,はまなすレイクビュー,12.3,6,52,6.7,6.9,6,3,female,22
250,ldjyh0qtgsgkez6,expert,1,11,12.9,17,ソレイユ豊川,12.5,8,41,7.5,8.3,6,3,female,22
251,ldjyh0qtgsgkez6,expert,1,12,15.8,16,ハイランド竹澤,16.1,2,22,11.2,11.1,6,3,female,22
252,ldjyh0qtgsgkez6,expert,1,13,13.3,12,さくらヒルズレジデンス,15.9,9,7,12.2,12.4,6,3,female,22
253,ldjyh0qtgsgkez6,expert,1,14,17.1,18,プリンスハイムSOLEIL,12.8,3,20,9.8,10.3,6,3,female,22
254,ldjyh0qtgsgkez6,expert,1,15,11.6,10,センチュリーMINERVA,13.0,4,48,7.3,11.1,6,3,female,22
255,ldjyh0qtgsgkez6,expert,1,16,13.8,7,ライフヴィラ白山,13.3,7,11,10.7,9.1,6,3,female,22
256,ldjyh0qtgsgkez6,expert,1,17,13.8,11,サンセットプレイス犬飼,10.9,5,35,7.5,6.8,6,3,female,22
257,ldjyh0qtgsgkez6,expert,1,18,17.2,15,ライフホームVIBRANT,15.1,5,19,10.8,12.0,6,3,female,22
258,ldjyh0qtgsgkez6,expert,1,19,14.9,21,あじさいテラス,15.8,7,8,12.2,14.5,6,3,female,22
259,ldjyh0qtgsgkez6,expert,1,20,13.5,4,レインボーハウスRaffine,13.0,5,33,8.5,7.5,6,3,female,22
260,ldjyh0qtgsgkez6,expert,1,21,13.8,20,ファイブスター後楽園,14.7,8,19,10.5,10.1,6,3,female,22
261,ldjyh0qtgsgkez6,expert,1,22,18.7,14,グランポルテWILL,18.5,2,4,14.3,13.8,6,3,female,22
262,ldjyh0qtgsgkez6,expert,1,23,14.4,2,レジデンス三葉,21.3,5,19,13.9,14.5,6,3,female,22
263,ldjyh0qtgsgkez6,expert,1,24,12.2,8,アーバンネット三丁目,19.0,7,36,10.9,11.8,6,3,female,22
264,ldjyh0qtgsgkez6,expert,2,1,11.2,17,ソレイユ豊川,12.5,8,41,7.5,8.3,6,3,female,22
265,ldjyh0qtgsgkez6,expert,2,2,11.3,20,ファイブスター後楽園,14.7,8,19,10.5,10.1,6,3,female,22
266,ldjyh0qtgsgkez6,expert,2,3,10.3,3,ハートフル文京,18.4,4,46,9.8,8.5,6,3,female,22
267,ldjyh0qtgsgkez6,expert,2,4,11.7,4,レインボーハウスRaffine,13.0,5,33,8.5,7.5,6,3,female,22
268,ldjyh0qtgsgkez6,expert,2,5,12.3,21,あじさいテラス,15.8,7,8,12.2,14.5,6,3,female,22
269,ldjyh0qtgsgkez6,expert,2,6,13.3,12,さくらヒルズレジデンス,15.9,9,7,12.2,12.4,6,3,female,22
270,ldjyh0qtgsgkez6,expert,2,7,12.3,18,プリンスハイムSOLEIL,12.8,3,20,9.8,10.3,6,3,female,22
271,ldjyh0qtgsgkez6,expert,2,8,9.9,23,はまなすレイクビュー,12.3,6,52,6.7,6.9,6,3,female,22
272,ldjyh0qtgsgkez6,expert,2,9,9.2,22,リバーサイド黒田,12.6,4,22,9.4,9.4,6,3,female,22
273,ldjyh0qtgsgkez6,expert,2,10,10.2,15,ライフホームVIBRANT,15.1,5,19,10.8,12.0,6,3,female,22
274,ldjyh0qtgsgkez6,expert,2,11,12.1,16,ハイランド竹澤,16.1,2,22,11.2,11.1,6,3,female,22
275,ldjyh0qtgsgkez6,expert,2,12,12.4,9,ジャスミンガーデンズ東大前,15.8,4,24,10.7,8.7,6,3,female,22
276,ldjyh0qtgsgkez6,expert,3,1,8.8,18,プリンスハイムSOLEIL,12.8,3,20,9.8,10.3,6,3,female,22
277,ldjyh0qtgsgkez6,expert,3,2,8.9,12,さくらヒルズレジデンス,15.9,9,7,12.2,12.4,6,3,female,22
278,ldjyh0qtgsgkez6,expert,3,3,10.3,21,あじさいテラス,15.8,7,8,12.2,14.5,6,3,female,22
279,ldjyh0qtgsgkez6,expert,3,4,8.3,17,ソレイユ豊川,12.5,8,41,7.5,8.3,6,3,female,22
280,ldjyh0qtgsgkez6,expert,3,5,7.9,5,コーポ内藤,10.5,6,37,7.2,7.0,6,3,female,22
281,ldjyh0qtgsgkez6,expert,3,6,7.4,0,ウッドランド中西,7.3,5,18,7.5,5.9,6,3,female,22
282,ldjyh0qtgsgkez6,expert,3,7,8.5,9,ジャスミンガーデンズ東大前,15.8,4,24,10.7,8.7,6,3,female,22
283,ldjyh0qtgsgkez6,expert,3,8,10.0,15,ライフホームVIBRANT,15.1,5,19,10.8,12.0,6,3,female,22
284,ldjyh0qtgsgkez6,expert,3,9,10.7,22,リバーサイド黒田,12.6,4,22,9.4,9.4,6,3,female,22
285,ldjyh0qtgsgkez6,expert,3,10,11.0,7,ライフヴィラ白山,13.3,7,11,10.7,9.1,6,3,female,22
286,ldjyh0qtgsgkez6,expert,3,11,9.6,4,レインボーハウスRaffine,13.0,5,33,8.5,7.5,6,3,female,22
287,ldjyh0qtgsgkez6,expert,3,12,8.0,8,アーバンネット三丁目,19.0,7,36,10.9,11.8,6,3,female,22
288,ldjyh0qtgsgkez6,expert,3,13,7.1,11,サンセットプレイス犬飼,10.9,5,35,7.5,6.8,6,3,female,22
289,ldjyh0qtgsgkez6,expert,3,14,8.2,10,センチュリーMINERVA,13.0,4,48,7.3,11.1,6,3,female,22
290,ldjyh0qtgsgkez6,expert,3,15,14.0,14,グランポルテWILL,18.5,2,4,14.3,13.8,6,3,female,22
291,ldjyh0qtgsgkez6,expert,3,16,12.4,13,ふたばハイツ,13.4,5,13,10.6,9.6,6,3,female,22
292,ldjyh0qtgsgkez6,expert,3,17,7.8,23,はまなすレイクビュー,12.3,6,52,6.7,6.9,6,3,female,22
293,ldjyh0qtgsgkez6,expert,3,18,11.4,2,レジデンス三葉,21.3,5,19,13.9,14.5,6,3,female,22
294,ldjyh0qtgsgkez6,expert,3,19,10.8,20,ファイブスター後楽園,14.7,8,19,10.5,10.1,6,3,female,22
295,ldjyh0qtgsgkez6,expert,3,20,9.9,6,グリーンリッジ本郷,23.3,1,60,10.8,11.7,6,3,female,22
296,ldjyh0qtgsgkez6,expert,3,21,10.1,16,ハイランド竹澤,16.1,2,22,11.2,11.1,6,3,female,22
297,ldjyh0qtgsgkez6,expert,3,22,7.7,1,つばき荘,8.7,2,44,6.2,6.0,6,3,female,22
298,ldjyh0qtgsgkez6,expert,3,23,8.9,3,ハートフル文京,18.4,4,46,9.8,8.5,6,3,female,22
299,ldjyh0qtgsgkez6,expert,3,24,10.4,19,カーサ・ヴィラJulio,12.5,2,23,9.4,10.1,6,3,female,22
300,5e4rju6o4b8th3w,expert,1,1,15.0,14,センチュリーMINERVA,18.5,2,4,14.3,13.8,5,3,female,20
301,5e4rju6o4b8th3w,expert,1,2,12.0,18,プリンスハイムSOLEIL,12.8,3,20,9.8,10.3,5,3,female,20
302,5e4rju6o4b8th3w,expert,1,3,10.0,8,コーポ内藤,19.0,7,36,10.9,11.8,5,3,female,20
303,5e4rju6o4b8th3w,expert,1,4,9.2,12,ハートフル文京,15.9,9,7,12.2,12.4,5,3,female,20
304,5e4rju6o4b8th3w,expert,1,5,11.3,7,はまなすレイクビュー,13.3,7,11,10.7,9.1,5,3,female,20
305,5e4rju6o4b8th3w,expert,1,6,8.8,5,グリーンリッジ本郷,10.5,6,37,7.2,7.0,5,3,female,20
306,5e4rju6o4b8th3w,expert,1,7,7.6,6,レジデンス三葉,23.3,1,60,10.8,11.7,5,3,female,20
307,5e4rju6o4b8th3w,expert,1,8,8.0,3,ライフホームVIBRANT,18.4,4,46,9.8,8.5,5,3,female,20
308,5e4rju6o4b8th3w,expert,1,9,8.7,4,ライフヴィラ白山,13.0,5,33,8.5,7.5,5,3,female,20
309,5e4rju6o4b8th3w,expert,1,10,9.3,13,ファイブスター後楽園,13.4,5,13,10.6,9.6,5,3,female,20
310,5e4rju6o4b8th3w,expert,1,11,8.5,21,ウッドランド中西,15.8,7,8,12.2,14.5,5,3,female,20
311,5e4rju6o4b8th3w,expert,1,12,8.3,19,あじさいテラス,12.5,2,23,9.4,10.1,5,3,female,20
312,5e4rju6o4b8th3w,expert,1,13,7.9,11,アーバンネット三丁目,10.9,5,35,7.5,6.8,5,3,female,20
313,5e4rju6o4b8th3w,expert,1,14,9.2,2,ソレイユ豊川,21.3,5,19,13.9,14.5,5,3,female,20
314,5e4rju6o4b8th3w,expert,1,15,8.5,10,リバーサイド黒田,13.0,4,48,7.3,11.1,5,3,female,20
315,5e4rju6o4b8th3w,expert,1,16,8.6,20,カーサ・ヴィラJulio,14.7,8,19,10.5,10.1,5,3,female,20
316,5e4rju6o4b8th3w,expert,1,17,8.2,17,レインボーハウスRaffine,12.5,8,41,7.5,8.3,5,3,female,20
317,5e4rju6o4b8th3w,expert,1,18,7.0,23,グランポルテWILL,12.3,6,52,6.7,6.9,5,3,female,20
318,5e4rju6o4b8th3w,expert,1,19,8.4,16,つばき荘,16.1,2,22,11.2,11.1,5,3,female,20
319,5e4rju6o4b8th3w,expert,1,20,8.8,15,ジャスミンガーデンズ東大前,15.1,5,19,10.8,12.0,5,3,female,20
320,5e4rju6o4b8th3w,expert,1,21,8.3,9,サンセットプレイス犬飼,15.8,4,24,10.7,8.7,5,3,female,20
321,5e4rju6o4b8th3w,expert,1,22,8.0,22,ふたばハイツ,12.6,4,22,9.4,9.4,5,3,female,20
322,5e4rju6o4b8th3w,expert,1,23,6.6,1,ハイランド竹澤,8.7,2,44,6.2,6.0,5,3,female,20
323,5e4rju6o4b8th3w,expert,1,24,7.0,0,さくらヒルズレジデンス,7.3,5,18,7.5,5.9,5,3,female,20
324,5e4rju6o4b8th3w,expert,2,1,8.2,13,ファイブスター後楽園,13.4,5,13,10.6,9.6,5,3,female,20
325,5e4rju6o4b8th3w,expert,2,2,10.3,22,ふたばハイツ,12.6,4,22,9.4,9.4,5,3,female,20
326,5e4rju6o4b8th3w,expert,2,3,10.2,9,サンセットプレイス犬飼,15.8,4,24,10.7,8.7,5,3,female,20
327,5e4rju6o4b8th3w,expert,2,4,11.1,12,ハートフル文京,15.9,9,7,12.2,12.4,5,3,female,20
328,5e4rju6o4b8th3w,expert,2,5,9.0,11,アーバンネット三丁目,10.9,5,35,7.5,6.8,5,3,female,20
329,5e4rju6o4b8th3w,expert,2,6,14.1,14,センチュリーMINERVA,18.5,2,4,14.3,13.8,5,3,female,20
330,5e4rju6o4b8th3w,expert,2,7,6.4,1,ハイランド竹澤,8.7,2,44,6.2,6.0,5,3,female,20
331,5e4rju6o4b8th3w,expert,2,8,8.3,4,ライフヴィラ白山,13.0,5,33,8.5,7.5,5,3,female,20
332,5e4rju6o4b8th3w,expert,2,9,10.0,7,はまなすレイクビュー,13.3,7,11,10.7,9.1,5,3,female,20
333,5e4rju6o4b8th3w,expert,2,10,8.5,2,ソレイユ豊川,21.3,5,19,13.9,14.5,5,3,female,20
334,5e4rju6o4b8th3w,expert,2,11,11.8,21,ウッドランド中西,15.8,7,8,12.2,14.5,5,3,female,20
335,5e4rju6o4b8th3w,expert,2,12,8.5,8,コーポ内藤,19.0,7,36,10.9,11.8,5,3,female,20
336,5e4rju6o4b8th3w,expert,3,1,10.2,4,ライフヴィラ白山,13.0,5,33,8.5,7.5,5,3,female,20
337,5e4rju6o4b8th3w,expert,3,2,9.3,20,カーサ・ヴィラJulio,14.7,8,19,10.5,10.1,5,3,female,20
338,5e4rju6o4b8th3w,expert,3,3,9.1,3,ライフホームVIBRANT,18.4,4,46,9.8,8.5,5,3,female,20
339,5e4rju6o4b8th3w,expert,3,4,12.3,2,ソレイユ豊川,21.3,5,19,13.9,14.5,5,3,female,20
340,5e4rju6o4b8th3w,expert,3,5,7.1,1,ハイランド竹澤,8.7,2,44,6.2,6.0,5,3,female,20
341,5e4rju6o4b8th3w,expert,3,6,7.7,0,さくらヒルズレジデンス,7.3,5,18,7.5,5.9,5,3,female,20
342,5e4rju6o4b8th3w,expert,3,7,8.1,23,グランポルテWILL,12.3,6,52,6.7,6.9,5,3,female,20
343,5e4rju6o4b8th3w,expert,3,8,9.1,5,グリーンリッジ本郷,10.5,6,37,7.2,7.0,5,3,female,20
344,5e4rju6o4b8th3w,expert,3,9,11.2,22,ふたばハイツ,12.6,4,22,9.4,9.4,5,3,female,20
345,5e4rju6o4b8th3w,expert,3,10,10.6,11,アーバンネット三丁目,10.9,5,35,7.5,6.8,5,3,female,20
346,5e4rju6o4b8th3w,expert,3,11,11.5,9,サンセットプレイス犬飼,15.8,4,24,10.7,8.7,5,3,female,20
347,5e4rju6o4b8th3w,expert,3,12,13.8,14,センチュリーMINERVA,18.5,2,4,14.3,13.8,5,3,female,20
348,5e4rju6o4b8th3w,expert,3,13,13.4,16,つばき荘,16.1,2,22,11.2,11.1,5,3,female,20
349,5e4rju6o4b8th3w,expert,3,14,12.4,21,ウッドランド中西,15.8,7,8,12.2,14.5,5,3,female,20
350,5e4rju6o4b8th3w,expert,3,15,11.7,15,ジャスミンガーデンズ東大前,15.1,5,19,10.8,12.0,5,3,female,20
351,5e4rju6o4b8th3w,expert,3,16,10.5,7,はまなすレイクビュー,13.3,7,11,10.7,9.1,5,3,female,20
352,5e4rju6o4b8th3w,expert,3,17,9.2,10,リバーサイド黒田,13.0,4,48,7.3,11.1,5,3,female,20
353,5e4rju6o4b8th3w,expert,3,18,9.7,18,プリンスハイムSOLEIL,12.8,3,20,9.8,10.3,5,3,female,20
354,5e4rju6o4b8th3w,expert,3,19,9.8,6,レジデンス三葉,23.3,1,60,10.8,11.7,5,3,female,20
355,5e4rju6o4b8th3w,expert,3,20,9.3,12,ハートフル文京,15.9,9,7,12.2,12.4,5,3,female,20
356,5e4rju6o4b8th3w,expert,3,21,9.1,19,あじさいテラス,12.5,2,23,9.4,10.1,5,3,female,20
357,5e4rju6o4b8th3w,expert,3,22,9.5,17,レインボーハウスRaffine,12.5,8,41,7.5,8.3,5,3,female,20
358,5e4rju6o4b8th3w,expert,3,23,10.0,13,ファイブスター後楽園,13.4,5,13,10.6,9.6,5,3,female,20
359,5e4rju6o4b8th3w,expert,3,24,10.6,8,コーポ内藤,19.0,7,36,10.9,11.8,5,3,female,20
360,o9dhcpwxgvwuka6,expert,1,1,8.6,19,センチュリーMINERVA,12.5,2,23,9.4,10.1,6,3,male,22
361,o9dhcpwxgvwuka6,expert,1,2,8.1,12,ソレイユ豊川,15.9,9,7,12.2,12.4,6,3,male,22
362,o9dhcpwxgvwuka6,expert,1,3,7.4,6,コーポ内藤,23.3,1,60,10.8,11.7,6,3,male,22
363,o9dhcpwxgvwuka6,expert,1,4,9.6,15,ファイブスター後楽園,15.1,5,19,10.8,12.0,6,3,male,22
364,o9dhcpwxgvwuka6,expert,1,5,5.3,17,あじさいテラス,12.5,8,41,7.5,8.3,6,3,male,22
365,o9dhcpwxgvwuka6,expert,1,6,5.9,5,ライフヴィラ白山,10.5,6,37,7.2,7.0,6,3,male,22
366,o9dhcpwxgvwuka6,expert,1,7,6.5,23,グリーンリッジ本郷,12.3,6,52,6.7,6.9,6,3,male,22
367,o9dhcpwxgvwuka6,expert,1,8,6.3,1,ライフホームVIBRANT,8.7,2,44,6.2,6.0,6,3,male,22
368,o9dhcpwxgvwuka6,expert,1,9,9.0,18,ウッドランド中西,12.8,3,20,9.8,10.3,6,3,male,22
369,o9dhcpwxgvwuka6,expert,1,10,10.2,2,プリンスハイムSOLEIL,21.3,5,19,13.9,14.5,6,3,male,22
370,o9dhcpwxgvwuka6,expert,1,11,8.1,7,ジャスミンガーデンズ東大前,13.3,7,11,10.7,9.1,6,3,male,22
371,o9dhcpwxgvwuka6,expert,1,12,8.4,22,つばき荘,12.6,4,22,9.4,9.4,6,3,male,22
372,o9dhcpwxgvwuka6,expert,1,13,7.9,3,ふたばハイツ,18.4,4,46,9.8,8.5,6,3,male,22
373,o9dhcpwxgvwuka6,expert,1,14,8.0,13,ハイランド竹澤,13.4,5,13,10.6,9.6,6,3,male,22
374,o9dhcpwxgvwuka6,expert,1,15,11.1,14,カーサ・ヴィラJulio,18.5,2,4,14.3,13.8,6,3,male,22
375,o9dhcpwxgvwuka6,expert,1,16,9.2,20,レインボーハウスRaffine,14.7,8,19,10.5,10.1,6,3,male,22
376,o9dhcpwxgvwuka6,expert,1,17,10.5,16,さくらヒルズレジデンス,16.1,2,22,11.2,11.1,6,3,male,22
377,o9dhcpwxgvwuka6,expert,1,18,8.0,11,はまなすレイクビュー,10.9,5,35,7.5,6.8,6,3,male,22
378,o9dhcpwxgvwuka6,expert,1,19,8.2,10,グランポルテWILL,13.0,4,48,7.3,11.1,6,3,male,22
379,o9dhcpwxgvwuka6,expert,1,20,11.4,21,サンセットプレイス犬飼,15.8,7,8,12.2,14.5,6,3,male,22
380,o9dhcpwxgvwuka6,expert,1,21,9.0,8,アーバンネット三丁目,19.0,7,36,10.9,11.8,6,3,male,22
381,o9dhcpwxgvwuka6,expert,1,22,8.9,9,ハートフル文京,15.8,4,24,10.7,8.7,6,3,male,22
382,o9dhcpwxgvwuka6,expert,1,23,8.3,4,レジデンス三葉,13.0,5,33,8.5,7.5,6,3,male,22
383,o9dhcpwxgvwuka6,expert,1,24,5.5,0,リバーサイド黒田,7.3,5,18,7.5,5.9,6,3,male,22
384,o9dhcpwxgvwuka6,expert,2,1,7.1,23,グリーンリッジ本郷,12.3,6,52,6.7,6.9,6,3,male,22
385,o9dhcpwxgvwuka6,expert,2,2,10.5,16,さくらヒルズレジデンス,16.1,2,22,11.2,11.1,6,3,male,22
386,o9dhcpwxgvwuka6,expert,2,3,12.5,2,プリンスハイムSOLEIL,21.3,5,19,13.9,14.5,6,3,male,22
387,o9dhcpwxgvwuka6,expert,2,4,9.5,19,センチュリーMINERVA,12.5,2,23,9.4,10.1,6,3,male,22
388,o9dhcpwxgvwuka6,expert,2,5,7.2,17,あじさいテラス,12.5,8,41,7.5,8.3,6,3,male,22
389,o9dhcpwxgvwuka6,expert,2,6,8.9,3,ふたばハイツ,18.4,4,46,9.8,8.5,6,3,male,22
390,o9dhcpwxgvwuka6,expert,2,7,9.8,15,ファイブスター後楽園,15.1,5,19,10.8,12.0,6,3,male,22
391,o9dhcpwxgvwuka6,expert,2,8,9.2,11,はまなすレイクビュー,10.9,5,35,7.5,6.8,6,3,male,22
392,o9dhcpwxgvwuka6,expert,2,9,13.9,14,カーサ・ヴィラJulio,18.5,2,4,14.3,13.8,6,3,male,22
393,o9dhcpwxgvwuka6,expert,2,10,8.5,18,ウッドランド中西,12.8,3,20,9.8,10.3,6,3,male,22
394,o9dhcpwxgvwuka6,expert,2,11,9.4,20,レインボーハウスRaffine,14.7,8,19,10.5,10.1,6,3,male,22
395,o9dhcpwxgvwuka6,expert,2,12,8.6,4,レジデンス三葉,13.0,5,33,8.5,7.5,6,3,male,22
396,o9dhcpwxgvwuka6,expert,3,1,9.6,7,ジャスミンガーデンズ東大前,13.3,7,11,10.7,9.1,6,3,male,22
397,o9dhcpwxgvwuka6,expert,3,2,7.8,6,コーポ内藤,23.3,1,60,10.8,11.7,6,3,male,22
398,o9dhcpwxgvwuka6,expert,3,3,8.7,5,ライフヴィラ白山,10.5,6,37,7.2,7.0,6,3,male,22
399,o9dhcpwxgvwuka6,expert,3,4,8.8,10,グランポルテWILL,13.0,4,48,7.3,11.1,6,3,male,22
400,o9dhcpwxgvwuka6,expert,3,5,9.2,20,レインボーハウスRaffine,14.7,8,19,10.5,10.1,6,3,male,22
401,o9dhcpwxgvwuka6,expert,3,6,10.1,21,サンセットプレイス犬飼,15.8,7,8,12.2,14.5,6,3,male,22
402,o9dhcpwxgvwuka6,expert,3,7,9.1,12,ソレイユ豊川,15.9,9,7,12.2,12.4,6,3,male,22
403,o9dhcpwxgvwuka6,expert,3,8,8.1,22,つばき荘,12.6,4,22,9.4,9.4,6,3,male,22
404,o9dhcpwxgvwuka6,expert,3,9,7.3,0,リバーサイド黒田,7.3,5,18,7.5,5.9,6,3,male,22
405,o9dhcpwxgvwuka6,expert,3,10,8.1,11,はまなすレイクビュー,10.9,5,35,7.5,6.8,6,3,male,22
406,o9dhcpwxgvwuka6,expert,3,11,9.8,19,センチュリーMINERVA,12.5,2,23,9.4,10.1,6,3,male,22
407,o9dhcpwxgvwuka6,expert,3,12,8.4,18,ウッドランド中西,12.8,3,20,9.8,10.3,6,3,male,22
408,o9dhcpwxgvwuka6,expert,3,13,8.2,23,グリーンリッジ本郷,12.3,6,52,6.7,6.9,6,3,male,22
409,o9dhcpwxgvwuka6,expert,3,14,10.2,9,ハートフル文京,15.8,4,24,10.7,8.7,6,3,male,22
410,o9dhcpwxgvwuka6,expert,3,15,13.3,14,カーサ・ヴィラJulio,18.5,2,4,14.3,13.8,6,3,male,22
411,o9dhcpwxgvwuka6,expert,3,16,10.0,16,さくらヒルズレジデンス,16.1,2,22,11.2,11.1,6,3,male,22
412,o9dhcpwxgvwuka6,expert,3,17,8.7,17,あじさいテラス,12.5,8,41,7.5,8.3,6,3,male,22
413,o9dhcpwxgvwuka6,expert,3,18,9.2,4,レジデンス三葉,13.0,5,33,8.5,7.5,6,3,male,22
414,o9dhcpwxgvwuka6,expert,3,19,8.0,1,ライフホームVIBRANT,8.7,2,44,6.2,6.0,6,3,male,22
415,o9dhcpwxgvwuka6,expert,3,20,9.8,2,プリンスハイムSOLEIL,21.3,5,19,13.9,14.5,6,3,male,22
416,o9dhcpwxgvwuka6,expert,3,21,9.3,8,アーバンネット三丁目,19.0,7,36,10.9,11.8,6,3,male,22
417,o9dhcpwxgvwuka6,expert,3,22,10.5,15,ファイブスター後楽園,15.1,5,19,10.8,12.0,6,3,male,22
418,o9dhcpwxgvwuka6,expert,3,23,10.2,13,ハイランド竹澤,13.4,5,13,10.6,9.6,6,3,male,22
419,o9dhcpwxgvwuka6,expert,3,24,9.9,3,ふたばハイツ,18.4,4,46,9.8,8.5,6,3,male,22
420,7l2jrlcnhb3t0px,expert,1,1,10.0,3,コーポ内藤,18.4,4,46,9.8,8.5,3,1,male,21
421,7l2jrlcnhb3t0px,expert,1,2,15.0,16,プリンスハイムSOLEIL,16.1,2,22,11.2,11.1,3,1,male,21
422,7l2jrlcnhb3t0px,expert,1,3,10.2,9,はまなすレイクビュー,15.8,4,24,10.7,8.7,3,1,male,21
423,7l2jrlcnhb3t0px,expert,1,4,8.0,4,ファイブスター後楽園,13.0,5,33,8.5,7.5,3,1,male,21
424,7l2jrlcnhb3t0px,expert,1,5,13.0,12,ライフホームVIBRANT,15.9,9,7,12.2,12.4,3,1,male,21
425,7l2jrlcnhb3t0px,expert,1,6,20.0,2,グリーンリッジ本郷,21.3,5,19,13.9,14.5,3,1,male,21
426,7l2jrlcnhb3t0px,expert,1,7,8.0,11,さくらヒルズレジデンス,10.9,5,35,7.5,6.8,3,1,male,21
427,7l2jrlcnhb3t0px,expert,1,8,8.3,5,アーバンネット三丁目,10.5,6,37,7.2,7.0,3,1,male,21
428,7l2jrlcnhb3t0px,expert,1,9,10.0,18,レジデンス三葉,12.8,3,20,9.8,10.3,3,1,male,21
429,7l2jrlcnhb3t0px,expert,1,10,7.5,17,ふたばハイツ,12.5,8,41,7.5,8.3,3,1,male,21
430,7l2jrlcnhb3t0px,expert,1,11,15.0,21,ハートフル文京,15.8,7,8,12.2,14.5,3,1,male,21
431,7l2jrlcnhb3t0px,expert,1,12,16.1,15,ジャスミンガーデンズ東大前,15.1,5,19,10.8,12.0,3,1,male,21
432,7l2jrlcnhb3t0px,expert,1,13,13.5,20,ライフヴィラ白山,14.7,8,19,10.5,10.1,3,1,male,21
433,7l2jrlcnhb3t0px,expert,1,14,7.0,1,ソレイユ豊川,8.7,2,44,6.2,6.0,3,1,male,21
434,7l2jrlcnhb3t0px,expert,1,15,10.0,13,ウッドランド中西,13.4,5,13,10.6,9.6,3,1,male,21
435,7l2jrlcnhb3t0px,expert,1,16,10.0,8,リバーサイド黒田,19.0,7,36,10.9,11.8,3,1,male,21
436,7l2jrlcnhb3t0px,expert,1,17,9.8,19,つばき荘,12.5,2,23,9.4,10.1,3,1,male,21
437,7l2jrlcnhb3t0px,expert,1,18,8.0,0,グランポルテWILL,7.3,5,18,7.5,5.9,3,1,male,21
438,7l2jrlcnhb3t0px,expert,1,19,13.0,7,あじさいテラス,13.3,7,11,10.7,9.1,3,1,male,21
439,7l2jrlcnhb3t0px,expert,1,20,8.9,23,サンセットプレイス犬飼,12.3,6,52,6.7,6.9,3,1,male,21
440,7l2jrlcnhb3t0px,expert,1,21,11.0,6,レインボーハウスRaffine,23.3,1,60,10.8,11.7,3,1,male,21
441,7l2jrlcnhb3t0px,expert,1,22,10.0,10,ハイランド竹澤,13.0,4,48,7.3,11.1,3,1,male,21
442,7l2jrlcnhb3t0px,expert,1,23,20.0,14,カーサ・ヴィラJulio,18.5,2,4,14.3,13.8,3,1,male,21
443,7l2jrlcnhb3t0px,expert,1,24,10.8,22,センチュリーMINERVA,12.6,4,22,9.4,9.4,3,1,male,21
444,7l2jrlcnhb3t0px,expert,2,1,9.0,23,サンセットプレイス犬飼,12.3,6,52,6.7,6.9,3,1,male,21
445,7l2jrlcnhb3t0px,expert,2,2,13.1,12,ライフホームVIBRANT,15.9,9,7,12.2,12.4,3,1,male,21
446,7l2jrlcnhb3t0px,expert,2,3,12.0,3,コーポ内藤,18.4,4,46,9.8,8.5,3,1,male,21
447,7l2jrlcnhb3t0px,expert,2,4,9.7,22,センチュリーMINERVA,12.6,4,22,9.4,9.4,3,1,male,21
448,7l2jrlcnhb3t0px,expert,2,5,7.0,0,グランポルテWILL,7.3,5,18,7.5,5.9,3,1,male,21
449,7l2jrlcnhb3t0px,expert,2,6,7.6,17,ふたばハイツ,12.5,8,41,7.5,8.3,3,1,male,21
450,7l2jrlcnhb3t0px,expert,2,7,9.1,8,リバーサイド黒田,19.0,7,36,10.9,11.8,3,1,male,21
451,7l2jrlcnhb3t0px,expert,2,8,8.2,11,さくらヒルズレジデンス,10.9,5,35,7.5,6.8,3,1,male,21
452,7l2jrlcnhb3t0px,expert,2,9,10.0,20,ライフヴィラ白山,14.7,8,19,10.5,10.1,3,1,male,21
453,7l2jrlcnhb3t0px,expert,2,10,7.9,10,ハイランド竹澤,13.0,4,48,7.3,11.1,3,1,male,21
454,7l2jrlcnhb3t0px,expert,2,11,7.6,1,ソレイユ豊川,8.7,2,44,6.2,6.0,3,1,male,21
455,7l2jrlcnhb3t0px,expert,2,12,8.1,19,つばき荘,12.5,2,23,9.4,10.1,3,1,male,21
456,7l2jrlcnhb3t0px,expert,3,1,9.0,17,ふたばハイツ,12.5,8,41,7.5,8.3,3,1,male,21
457,7l2jrlcnhb3t0px,expert,3,2,9.5,13,ウッドランド中西,13.4,5,13,10.6,9.6,3,1,male,21
458,7l2jrlcnhb3t0px,expert,3,3,13.1,15,ジャスミンガーデンズ東大前,15.1,5,19,10.8,12.0,3,1,male,21
459,7l2jrlcnhb3t0px,expert,3,4,14.2,9,はまなすレイクビュー,15.8,4,24,10.7,8.7,3,1,male,21
460,7l2jrlcnhb3t0px,expert,3,5,10.0,4,ファイブスター後楽園,13.0,5,33,8.5,7.5,3,1,male,21
461,7l2jrlcnhb3t0px,expert,3,6,8.7,0,グランポルテWILL,7.3,5,18,7.5,5.9,3,1,male,21
462,7l2jrlcnhb3t0px,expert,3,7,13.2,7,あじさいテラス,13.3,7,11,10.7,9.1,3,1,male,21
463,7l2jrlcnhb3t0px,expert,3,8,8.4,19,つばき荘,12.5,2,23,9.4,10.1,3,1,male,21
464,7l2jrlcnhb3t0px,expert,3,9,14.0,21,ハートフル文京,15.8,7,8,12.2,14.5,3,1,male,21
465,7l2jrlcnhb3t0px,expert,3,10,9.3,10,ハイランド竹澤,13.0,4,48,7.3,11.1,3,1,male,21
466,7l2jrlcnhb3t0px,expert,3,11,20.0,2,グリーンリッジ本郷,21.3,5,19,13.9,14.5,3,1,male,21
467,7l2jrlcnhb3t0px,expert,3,12,14.6,20,ライフヴィラ白山,14.7,8,19,10.5,10.1,3,1,male,21
468,7l2jrlcnhb3t0px,expert,3,13,20.0,14,カーサ・ヴィラJulio,18.5,2,4,14.3,13.8,3,1,male,21
469,7l2jrlcnhb3t0px,expert,3,14,9.6,11,さくらヒルズレジデンス,10.9,5,35,7.5,6.8,3,1,male,21
470,7l2jrlcnhb3t0px,expert,3,15,9.6,23,サンセットプレイス犬飼,12.3,6,52,6.7,6.9,3,1,male,21
471,7l2jrlcnhb3t0px,expert,3,16,10.7,8,リバーサイド黒田,19.0,7,36,10.9,11.8,3,1,male,21
472,7l2jrlcnhb3t0px,expert,3,17,11.5,1,ソレイユ豊川,8.7,2,44,6.2,6.0,3,1,male,21
473,7l2jrlcnhb3t0px,expert,3,18,9.2,22,センチュリーMINERVA,12.6,4,22,9.4,9.4,3,1,male,21
474,7l2jrlcnhb3t0px,expert,3,19,8.2,18,レジデンス三葉,12.8,3,20,9.8,10.3,3,1,male,21
475,7l2jrlcnhb3t0px,expert,3,20,15.0,12,ライフホームVIBRANT,15.9,9,7,12.2,12.4,3,1,male,21
476,7l2jrlcnhb3t0px,expert,3,21,11.6,5,アーバンネット三丁目,10.5,6,37,7.2,7.0,3,1,male,21
477,7l2jrlcnhb3t0px,expert,3,22,16.0,3,コーポ内藤,18.4,4,46,9.8,8.5,3,1,male,21
478,7l2jrlcnhb3t0px,expert,3,23,20.0,16,プリンスハイムSOLEIL,16.1,2,22,11.2,11.1,3,1,male,21
479,7l2jrlcnhb3t0px,expert,3,24,15.0,6,レインボーハウスRaffine,23.3,1,60,10.8,11.7,3,1,male,21
480,j3uj7ulbocgxdoo,expert,1,1,12.0,0,あじさいテラス,7.3,5,18,7.5,5.9,6,3,male,21
481,j3uj7ulbocgxdoo,expert,1,2,9.2,8,コーポ内藤,19.0,7,36,10.9,11.8,6,3,male,21
482,j3uj7ulbocgxdoo,expert,1,3,14.1,12,レインボーハウスRaffine,15.9,9,7,12.2,12.4,6,3,male,21
483,j3uj7ulbocgxdoo,expert,1,4,17.1,13,ハイランド竹澤,13.4,5,13,10.6,9.6,6,3,male,21
484,j3uj7ulbocgxdoo,expert,1,5,18.0,6,プリンスハイムSOLEIL,23.3,1,60,10.8,11.7,6,3,male,21
485,j3uj7ulbocgxdoo,expert,1,6,18.7,20,ジャスミンガーデンズ東大前,14.7,8,19,10.5,10.1,6,3,male,21
486,j3uj7ulbocgxdoo,expert,1,7,10.6,1,グリーンリッジ本郷,8.7,2,44,6.2,6.0,6,3,male,21
487,j3uj7ulbocgxdoo,expert,1,8,17.9,21,カーサ・ヴィラJulio,15.8,7,8,12.2,14.5,6,3,male,21
488,j3uj7ulbocgxdoo,expert,1,9,12.8,10,はまなすレイクビュー,13.0,4,48,7.3,11.1,6,3,male,21
489,j3uj7ulbocgxdoo,expert,1,10,17.3,15,つばき荘,15.1,5,19,10.8,12.0,6,3,male,21
490,j3uj7ulbocgxdoo,expert,1,11,17.8,7,ライフホームVIBRANT,13.3,7,11,10.7,9.1,6,3,male,21
491,j3uj7ulbocgxdoo,expert,1,12,20.1,14,リバーサイド黒田,18.5,2,4,14.3,13.8,6,3,male,21
492,j3uj7ulbocgxdoo,expert,1,13,19.4,9,アーバンネット三丁目,15.8,4,24,10.7,8.7,6,3,male,21
493,j3uj7ulbocgxdoo,expert,1,14,11.3,5,ウッドランド中西,10.5,6,37,7.2,7.0,6,3,male,21
494,j3uj7ulbocgxdoo,expert,1,15,19.2,16,ファイブスター後楽園,16.1,2,22,11.2,11.1,6,3,male,21
495,j3uj7ulbocgxdoo,expert,1,16,18.8,18,さくらヒルズレジデンス,12.8,3,20,9.8,10.3,6,3,male,21
496,j3uj7ulbocgxdoo,expert,1,17,16.6,11,ライフヴィラ白山,10.9,5,35,7.5,6.8,6,3,male,21
497,j3uj7ulbocgxdoo,expert,1,18,18.0,22,レジデンス三葉,12.6,4,22,9.4,9.4,6,3,male,21
498,j3uj7ulbocgxdoo,expert,1,19,22.1,2,ふたばハイツ,21.3,5,19,13.9,14.5,6,3,male,21
499,j3uj7ulbocgxdoo,expert,1,20,11.2,23,ソレイユ豊川,12.3,6,52,6.7,6.9,6,3,male,21
500,j3uj7ulbocgxdoo,expert,1,21,16.4,3,グランポルテWILL,18.4,4,46,9.8,8.5,6,3,male,21
501,j3uj7ulbocgxdoo,expert,1,22,9.7,17,センチュリーMINERVA,12.5,8,41,7.5,8.3,6,3,male,21
502,j3uj7ulbocgxdoo,expert,1,23,17.8,4,サンセットプレイス犬飼,13.0,5,33,8.5,7.5,6,3,male,21
503,j3uj7ulbocgxdoo,expert,1,24,17.5,19,ハートフル文京,12.5,2,23,9.4,10.1,6,3,male,21
504,j3uj7ulbocgxdoo,expert,2,1,18.9,22,レジデンス三葉,12.6,4,22,9.4,9.4,6,3,male,21
505,j3uj7ulbocgxdoo,expert,2,2,8.8,4,サンセットプレイス犬飼,13.0,5,33,8.5,7.5,6,3,male,21
506,j3uj7ulbocgxdoo,expert,2,3,11.9,14,リバーサイド黒田,18.5,2,4,14.3,13.8,6,3,male,21
507,j3uj7ulbocgxdoo,expert,2,4,10.6,16,ファイブスター後楽園,16.1,2,22,11.2,11.1,6,3,male,21
508,j3uj7ulbocgxdoo,expert,2,5,10.0,11,ライフヴィラ白山,10.9,5,35,7.5,6.8,6,3,male,21
509,j3uj7ulbocgxdoo,expert,2,6,7.0,23,ソレイユ豊川,12.3,6,52,6.7,6.9,6,3,male,21
510,j3uj7ulbocgxdoo,expert,2,7,6.6,17,センチュリーMINERVA,12.5,8,41,7.5,8.3,6,3,male,21
511,j3uj7ulbocgxdoo,expert,2,8,7.4,10,はまなすレイクビュー,13.0,4,48,7.3,11.1,6,3,male,21
512,j3uj7ulbocgxdoo,expert,2,9,8.3,8,コーポ内藤,19.0,7,36,10.9,11.8,6,3,male,21
513,j3uj7ulbocgxdoo,expert,2,10,12.8,15,つばき荘,15.1,5,19,10.8,12.0,6,3,male,21
514,j3uj7ulbocgxdoo,expert,2,11,8.1,0,あじさいテラス,7.3,5,18,7.5,5.9,6,3,male,21
515,j3uj7ulbocgxdoo,expert,2,12,9.0,13,ハイランド竹澤,13.4,5,13,10.6,9.6,6,3,male,21
516,j3uj7ulbocgxdoo,expert,3,1,11.2,12,レインボーハウスRaffine,15.9,9,7,12.2,12.4,6,3,male,21
517,j3uj7ulbocgxdoo,expert,3,2,10.7,21,カーサ・ヴィラJulio,15.8,7,8,12.2,14.5,6,3,male,21
518,j3uj7ulbocgxdoo,expert,3,3,6.4,23,ソレイユ豊川,12.3,6,52,6.7,6.9,6,3,male,21
519,j3uj7ulbocgxdoo,expert,3,4,8.1,0,あじさいテラス,7.3,5,18,7.5,5.9,6,3,male,21
520,j3uj7ulbocgxdoo,expert,3,5,8.4,8,コーポ内藤,19.0,7,36,10.9,11.8,6,3,male,21
521,j3uj7ulbocgxdoo,expert,3,6,6.5,17,センチュリーMINERVA,12.5,8,41,7.5,8.3,6,3,male,21
522,j3uj7ulbocgxdoo,expert,3,7,7.4,1,グリーンリッジ本郷,8.7,2,44,6.2,6.0,6,3,male,21
523,j3uj7ulbocgxdoo,expert,3,8,11.8,2,ふたばハイツ,21.3,5,19,13.9,14.5,6,3,male,21
524,j3uj7ulbocgxdoo,expert,3,9,9.6,4,サンセットプレイス犬飼,13.0,5,33,8.5,7.5,6,3,male,21
525,j3uj7ulbocgxdoo,expert,3,10,10.6,20,ジャスミンガーデンズ東大前,14.7,8,19,10.5,10.1,6,3,male,21
526,j3uj7ulbocgxdoo,expert,3,11,11.0,15,つばき荘,15.1,5,19,10.8,12.0,6,3,male,21
527,j3uj7ulbocgxdoo,expert,3,12,7.5,6,プリンスハイムSOLEIL,23.3,1,60,10.8,11.7,6,3,male,21
528,j3uj7ulbocgxdoo,expert,3,13,9.6,18,さくらヒルズレジデンス,12.8,3,20,9.8,10.3,6,3,male,21
529,j3uj7ulbocgxdoo,expert,3,14,12.4,14,リバーサイド黒田,18.5,2,4,14.3,13.8,6,3,male,21
530,j3uj7ulbocgxdoo,expert,3,15,7.6,3,グランポルテWILL,18.4,4,46,9.8,8.5,6,3,male,21
531,j3uj7ulbocgxdoo,expert,3,16,12.0,13,ハイランド竹澤,13.4,5,13,10.6,9.6,6,3,male,21
532,j3uj7ulbocgxdoo,expert,3,17,11.5,7,ライフホームVIBRANT,13.3,7,11,10.7,9.1,6,3,male,21
533,j3uj7ulbocgxdoo,expert,3,18,10.2,16,ファイブスター後楽園,16.1,2,22,11.2,11.1,6,3,male,21
534,j3uj7ulbocgxdoo,expert,3,19,11.3,22,レジデンス三葉,12.6,4,22,9.4,9.4,6,3,male,21
535,j3uj7ulbocgxdoo,expert,3,20,7.1,11,ライフヴィラ白山,10.9,5,35,7.5,6.8,6,3,male,21
536,j3uj7ulbocgxdoo,expert,3,21,11.5,19,ハートフル文京,12.5,2,23,9.4,10.1,6,3,male,21
537,j3uj7ulbocgxdoo,expert,3,22,6.7,10,はまなすレイクビュー,13.0,4,48,7.3,11.1,6,3,male,21
538,j3uj7ulbocgxdoo,expert,3,23,8.2,9,アーバンネット三丁目,15.8,4,24,10.7,8.7,6,3,male,21
539,j3uj7ulbocgxdoo,expert,3,24,6.8,5,ウッドランド中西,10.5,6,37,7.2,7.0,6,3,male,21
540,gvlts740j5h8ebn,expert,1,1,6.1,1,つばき荘,8.7,2,44,6.2,6.0,4,2,male,21
541,gvlts740j5h8ebn,expert,1,2,7.7,23,ジャスミンガーデンズ東大前,12.3,6,52,6.7,6.9,4,2,male,21
542,gvlts740j5h8ebn,expert,1,3,9.1,19,ソレイユ豊川,12.5,2,23,9.4,10.1,4,2,male,21
543,gvlts740j5h8ebn,expert,1,4,9.0,11,カーサ・ヴィラJulio,10.9,5,35,7.5,6.8,4,2,male,21
544,gvlts740j5h8ebn,expert,1,5,12.6,20,ハイランド竹澤,14.7,8,19,10.5,10.1,4,2,male,21
545,gvlts740j5h8ebn,expert,1,6,9.8,0,あじさいテラス,7.3,5,18,7.5,5.9,4,2,male,21
546,gvlts740j5h8ebn,expert,1,7,13.0,6,アーバンネット三丁目,23.3,1,60,10.8,11.7,4,2,male,21
547,gvlts740j5h8ebn,expert,1,8,16.0,9,はまなすレイクビュー,15.8,4,24,10.7,8.7,4,2,male,21
548,gvlts740j5h8ebn,expert,1,9,11.9,5,レジデンス三葉,10.5,6,37,7.2,7.0,4,2,male,21
549,gvlts740j5h8ebn,expert,1,10,16.0,8,ライフホームVIBRANT,19.0,7,36,10.9,11.8,4,2,male,21
550,gvlts740j5h8ebn,expert,1,11,10.1,4,プリンスハイムSOLEIL,13.0,5,33,8.5,7.5,4,2,male,21
551,gvlts740j5h8ebn,expert,1,12,11.6,7,ウッドランド中西,13.3,7,11,10.7,9.1,4,2,male,21
552,gvlts740j5h8ebn,expert,1,13,11.1,15,サンセットプレイス犬飼,15.1,5,19,10.8,12.0,4,2,male,21
553,gvlts740j5h8ebn,expert,1,14,14.0,16,さくらヒルズレジデンス,16.1,2,22,11.2,11.1,4,2,male,21
554,gvlts740j5h8ebn,expert,1,15,16.6,14,コーポ内藤,18.5,2,4,14.3,13.8,4,2,male,21
555,gvlts740j5h8ebn,expert,1,16,16.5,2,グランポルテWILL,21.3,5,19,13.9,14.5,4,2,male,21
556,gvlts740j5h8ebn,expert,1,17,13.0,13,ハートフル文京,13.4,5,13,10.6,9.6,4,2,male,21
557,gvlts740j5h8ebn,expert,1,18,16.9,12,リバーサイド黒田,15.9,9,7,12.2,12.4,4,2,male,21
558,gvlts740j5h8ebn,expert,1,19,10.0,10,ふたばハイツ,13.0,4,48,7.3,11.1,4,2,male,21
559,gvlts740j5h8ebn,expert,1,20,12.7,18,センチュリーMINERVA,12.8,3,20,9.8,10.3,4,2,male,21
560,gvlts740j5h8ebn,expert,1,21,12.3,22,ライフヴィラ白山,12.6,4,22,9.4,9.4,4,2,male,21
561,gvlts740j5h8ebn,expert,1,22,10.3,3,ファイブスター後楽園,18.4,4,46,9.8,8.5,4,2,male,21
562,gvlts740j5h8ebn,expert,1,23,10.8,17,レインボーハウスRaffine,12.5,8,41,7.5,8.3,4,2,male,21
563,gvlts740j5h8ebn,expert,1,24,16.0,21,グリーンリッジ本郷,15.8,7,8,12.2,14.5,4,2,male,21
564,gvlts740j5h8ebn,expert,2,1,11.3,7,ウッドランド中西,13.3,7,11,10.7,9.1,4,2,male,21
565,gvlts740j5h8ebn,expert,2,2,10.4,17,レインボーハウスRaffine,12.5,8,41,7.5,8.3,4,2,male,21
566,gvlts740j5h8ebn,expert,2,3,9.8,10,ふたばハイツ,13.0,4,48,7.3,11.1,4,2,male,21
567,gvlts740j5h8ebn,expert,2,4,9.3,18,センチュリーMINERVA,12.8,3,20,9.8,10.3,4,2,male,21
568,gvlts740j5h8ebn,expert,2,5,10.7,20,ハイランド竹澤,14.7,8,19,10.5,10.1,4,2,male,21
569,gvlts740j5h8ebn,expert,2,6,14.6,14,コーポ内藤,18.5,2,4,14.3,13.8,4,2,male,21
570,gvlts740j5h8ebn,expert,2,7,9.5,8,ライフホームVIBRANT,19.0,7,36,10.9,11.8,4,2,male,21
571,gvlts740j5h8ebn,expert,2,8,13.4,19,ソレイユ豊川,12.5,2,23,9.4,10.1,4,2,male,21
572,gvlts740j5h8ebn,expert,2,9,7.2,6,アーバンネット三丁目,23.3,1,60,10.8,11.7,4,2,male,21
573,gvlts740j5h8ebn,expert,2,10,9.8,5,レジデンス三葉,10.5,6,37,7.2,7.0,4,2,male,21
574,gvlts740j5h8ebn,expert,2,11,10.6,2,グランポルテWILL,21.3,5,19,13.9,14.5,4,2,male,21
575,gvlts740j5h8ebn,expert,2,12,10.7,1,つばき荘,8.7,2,44,6.2,6.0,4,2,male,21
576,gvlts740j5h8ebn,expert,3,1,8.9,13,ハートフル文京,13.4,5,13,10.6,9.6,4,2,male,21
577,gvlts740j5h8ebn,expert,3,2,10.5,22,ライフヴィラ白山,12.6,4,22,9.4,9.4,4,2,male,21
578,gvlts740j5h8ebn,expert,3,3,13.4,5,レジデンス三葉,10.5,6,37,7.2,7.0,4,2,male,21
579,gvlts740j5h8ebn,expert,3,4,15.9,14,コーポ内藤,18.5,2,4,14.3,13.8,4,2,male,21
580,gvlts740j5h8ebn,expert,3,5,9.6,10,ふたばハイツ,13.0,4,48,7.3,11.1,4,2,male,21
581,gvlts740j5h8ebn,expert,3,6,11.1,4,プリンスハイムSOLEIL,13.0,5,33,8.5,7.5,4,2,male,21
582,gvlts740j5h8ebn,expert,3,7,13.4,19,ソレイユ豊川,12.5,2,23,9.4,10.1,4,2,male,21
583,gvlts740j5h8ebn,expert,3,8,16.3,9,はまなすレイクビュー,15.8,4,24,10.7,8.7,4,2,male,21
584,gvlts740j5h8ebn,expert,3,9,14.2,15,サンセットプレイス犬飼,15.1,5,19,10.8,12.0,4,2,male,21
585,gvlts740j5h8ebn,expert,3,10,13.6,6,アーバンネット三丁目,23.3,1,60,10.8,11.7,4,2,male,21
586,gvlts740j5h8ebn,expert,3,11,11.2,11,カーサ・ヴィラJulio,10.9,5,35,7.5,6.8,4,2,male,21
587,gvlts740j5h8ebn,expert,3,12,11.2,17,レインボーハウスRaffine,12.5,8,41,7.5,8.3,4,2,male,21
588,gvlts740j5h8ebn,expert,3,13,12.8,21,グリーンリッジ本郷,15.8,7,8,12.2,14.5,4,2,male,21
589,gvlts740j5h8ebn,expert,3,14,12.3,18,センチュリーMINERVA,12.8,3,20,9.8,10.3,4,2,male,21
590,gvlts740j5h8ebn,expert,3,15,11.0,1,つばき荘,8.7,2,44,6.2,6.0,4,2,male,21
591,gvlts740j5h8ebn,expert,3,16,16.7,12,リバーサイド黒田,15.9,9,7,12.2,12.4,4,2,male,21
592,gvlts740j5h8ebn,expert,3,17,13.2,3,ファイブスター後楽園,18.4,4,46,9.8,8.5,4,2,male,21
593,gvlts740j5h8ebn,expert,3,18,9.0,0,あじさいテラス,7.3,5,18,7.5,5.9,4,2,male,21
594,gvlts740j5h8ebn,expert,3,19,9.7,23,ジャスミンガーデンズ東大前,12.3,6,52,6.7,6.9,4,2,male,21
595,gvlts740j5h8ebn,expert,3,20,12.2,16,さくらヒルズレジデンス,16.1,2,22,11.2,11.1,4,2,male,21
596,gvlts740j5h8ebn,expert,3,21,17.4,2,グランポルテWILL,21.3,5,19,13.9,14.5,4,2,male,21
597,gvlts740j5h8ebn,expert,3,22,11.2,20,ハイランド竹澤,14.7,8,19,10.5,10.1,4,2,male,21
598,gvlts740j5h8ebn,expert,3,23,11.5,7,ウッドランド中西,13.3,7,11,10.7,9.1,4,2,male,21
599,gvlts740j5h8ebn,expert,3,24,12.8,8,ライフホームVIBRANT,19.0,7,36,10.9,11.8,4,2,male,21
